model,dataset,transformation,total,recovered_rate,recovered_rate_tagged,recovered_rate_spacing_sensitive,stub_rate,tagged_rate,exact_match_rate,cer_mean,cer_p25,cer_p50,cer_p75,ngram1_precision,ngram1_recall,ngram1_f1,ngram2_precision,ngram2_recall,ngram2_f1,ngram4_precision,ngram4_recall,ngram4_f1,recovered_rate_as_run,exact_match_rate_as_run,cer_mean_as_run,missing_tags,cutoffs,problem_count,cer_threshold,residual_recovered,residual_partial_or_other,residual_missing_recovered_tags,residual_closer_to_transformed_than_original,residual_copied_transformed_input,residual_contains_transformation_markers,residual_empty_recovered_text,file,path
Qwen_Qwen3-30B-A3B-Thinking-2507,HuggingFaceH4_aime_2024,interleaved_context_line,480,0.93125,0.93125,0.9229166666666667,0.0,1.0,0.7479166666666667,0.009834656079059648,0.0,0.0,0.002035463466968558,0.9878084465395954,0.9863529524551926,0.986719298593063,0.9813322530587576,0.9797905906913876,0.9801923008549027,0.9689238934540285,0.967172375396619,0.9676634548207467,0.9083333333333333,0.68125,0.012130941778321728,0,0,30,0.02,436,44,,,,,,Qwen_Qwen3-30B-A3B-Thinking-2507_HuggingFaceH4_aime_2024_interleaved_context_line_decode_recovery_s42_20260902_133450.json,/home/golikovp/Robust-Reasoning-Benchmark/experiments/decode_recovery/results/Qwen_Qwen3-30B-A3B-Thinking-2507/HuggingFaceH4_aime_2024/Qwen_Qwen3-30B-A3B-Thinking-2507_HuggingFaceH4_aime_2024_interleaved_context_line_decode_recovery_s42_20260902_133450.json
Qwen_Qwen3-30B-A3B-Thinking-2507,HuggingFaceH4_aime_2024,interleaved_context_symbol,480,0.0,0.0,0.0,0.12083333333333333,0.99375,0.0,2.68887875487938,0.8040421505937623,0.9589624592791768,1.5363357843137255,0.1626815990675325,0.1550682074278295,0.12184177948584603,0.05000553531662689,0.04334082179488157,0.037786096297163604,0.014219422293382945,0.011035871104608021,0.010294043522575775,0.0,0.0,1.7882752108529973,3,2,30,0.02,,167,3,200,110,,,Qwen_Qwen3-30B-A3B-Thinking-2507_HuggingFaceH4_aime_2024_interleaved_context_symbol_decode_recovery_s42_20260902_133450.json,/home/golikovp/Robust-Reasoning-Benchmark/experiments/decode_recovery/results/Qwen_Qwen3-30B-A3B-Thinking-2507/HuggingFaceH4_aime_2024/Qwen_Qwen3-30B-A3B-Thinking-2507_HuggingFaceH4_aime_2024_interleaved_context_symbol_decode_recovery_s42_20260902_133450.json
Qwen_Qwen3-30B-A3B-Thinking-2507,HuggingFaceH4_aime_2024,interleaved_context_word,480,0.09166666666666666,0.09166666666666666,0.08958333333333333,0.0,1.0,0.052083333333333336,0.8990402163446121,0.11875060217747374,0.4583569759158116,0.7294476141078838,0.6661695247461261,0.8406099847426554,0.7183464636886097,0.5462944976595056,0.6761225436339988,0.5843924624316377,0.45628857702928555,0.5614769649399042,0.4863495583599163,0.06875,0.03333333333333333,0.7040729844637281,0,0,30,0.02,33,233,,213,1,,,Qwen_Qwen3-30B-A3B-Thinking-2507_HuggingFaceH4_aime_2024_interleaved_context_word_decode_recovery_s42_20260902_133450.json,/home/golikovp/Robust-Reasoning-Benchmark/experiments/decode_recovery/results/Qwen_Qwen3-30B-A3B-Thinking-2507/HuggingFaceH4_aime_2024/Qwen_Qwen3-30B-A3B-Thinking-2507_HuggingFaceH4_aime_2024_interleaved_context_word_decode_recovery_s42_20260902_133450.json
Qwen_Qwen3-30B-A3B-Thinking-2507,HuggingFaceH4_aime_2024,opposites,480,0.8479166666666667,0.8479166666666667,0.8458333333333333,0.0,1.0,0.7145833333333333,0.03946091627087054,0.0,0.0,0.004371980676328503,0.985346299619408,0.9721021480811083,0.9775273701403479,0.9760283357465891,0.9629957324547586,0.9682895216673056,0.961664597780101,0.9485685240796299,0.9538198942977584,0.7895833333333333,0.6104166666666667,0.04893712780764254,0,0,30,0.02,379,101,,,,,,Qwen_Qwen3-30B-A3B-Thinking-2507_HuggingFaceH4_aime_2024_opposites_decode_recovery_s42_20260902_133450.json,/home/golikovp/Robust-Reasoning-Benchmark/experiments/decode_recovery/results/Qwen_Qwen3-30B-A3B-Thinking-2507/HuggingFaceH4_aime_2024/Qwen_Qwen3-30B-A3B-Thinking-2507_HuggingFaceH4_aime_2024_opposites_decode_recovery_s42_20260902_133450.json
Qwen_Qwen3-30B-A3B-Thinking-2507,HuggingFaceH4_aime_2024,rail_fence,480,0.0,0.0,0.0,0.7291666666666666,0.9833333333333333,0.0,3.9249545290492693,0.8332869855394883,0.8937254901960785,0.9337349397590361,0.26303652950682593,0.08256623375703119,0.10110899585988221,0.05308123076139733,0.016758346423697737,0.02010317715226802,0.0037590287143128513,0.001476818417402914,0.0017710509357735326,0.0,0.0,0.9650458856009256,8,1,30,0.02,,458,8,14,,,,Qwen_Qwen3-30B-A3B-Thinking-2507_HuggingFaceH4_aime_2024_rail_fence_decode_recovery_s42_20260902_133450.json,/home/golikovp/Robust-Reasoning-Benchmark/experiments/decode_recovery/results/Qwen_Qwen3-30B-A3B-Thinking-2507/HuggingFaceH4_aime_2024/Qwen_Qwen3-30B-A3B-Thinking-2507_HuggingFaceH4_aime_2024_rail_fence_decode_recovery_s42_20260902_133450.json
Qwen_Qwen3-30B-A3B-Thinking-2507,HuggingFaceH4_aime_2024,rectangle_perimeter,480,0.0020833333333333333,0.002145922746781116,0.0020833333333333333,0.022916666666666665,0.9708333333333333,0.0,9.485556195702975,0.31398702813781,0.3958333333333333,0.4604446553738318,0.7058319920681743,0.6258545646017041,0.6294367792746213,0.5779655654389482,0.5168574594167247,0.5230362422421115,0.4884453805557036,0.43082705715249137,0.4376661138986602,0.0020833333333333333,0.0,0.43223351764046625,14,13,30,0.02,1,461,14,3,1,,,Qwen_Qwen3-30B-A3B-Thinking-2507_HuggingFaceH4_aime_2024_rectangle_perimeter_decode_recovery_s42_20260902_133450.json,/home/golikovp/Robust-Reasoning-Benchmark/experiments/decode_recovery/results/Qwen_Qwen3-30B-A3B-Thinking-2507/HuggingFaceH4_aime_2024/Qwen_Qwen3-30B-A3B-Thinking-2507_HuggingFaceH4_aime_2024_rectangle_perimeter_decode_recovery_s42_20260902_133450.json
Qwen_Qwen3-30B-A3B-Thinking-2507,HuggingFaceH4_aime_2024,sentence_reversal,480,0.8479166666666667,0.8479166666666667,0.8479166666666667,0.0,1.0,0.7541666666666667,0.1713435038930548,0.0,0.0,0.0,0.9852509193612564,0.9770424704519072,0.9779955219144276,0.9808940927556994,0.9725855794504292,0.9735437829275049,0.9722801967375821,0.9637311781408398,0.964714673321657,0.7916666666666666,0.6604166666666667,0.08093895594788124,0,0,30,0.02,380,94,,6,,,,Qwen_Qwen3-30B-A3B-Thinking-2507_HuggingFaceH4_aime_2024_sentence_reversal_decode_recovery_s42_20260902_133450.json,/home/golikovp/Robust-Reasoning-Benchmark/experiments/decode_recovery/results/Qwen_Qwen3-30B-A3B-Thinking-2507/HuggingFaceH4_aime_2024/Qwen_Qwen3-30B-A3B-Thinking-2507_HuggingFaceH4_aime_2024_sentence_reversal_decode_recovery_s42_20260902_133450.json
Qwen_Qwen3-30B-A3B-Thinking-2507,HuggingFaceH4_aime_2024,snake_horizontal,480,0.0875,0.08786610878661087,0.08125,0.0,0.9958333333333333,0.05416666666666667,1.0953406521385185,0.10145631067961165,0.23398458699663519,0.35795454545454547,0.8709322748003012,0.7554095228147133,0.7977359078626893,0.769531142530134,0.6646321410793209,0.702768592662741,0.6471883055464837,0.5550411404068065,0.5878425970058105,0.07708333333333334,0.05416666666666667,0.257758065177207,2,1,30,0.02,37,435,2,6,,,,Qwen_Qwen3-30B-A3B-Thinking-2507_HuggingFaceH4_aime_2024_snake_horizontal_decode_recovery_s42_20260902_133450.json,/home/golikovp/Robust-Reasoning-Benchmark/experiments/decode_recovery/results/Qwen_Qwen3-30B-A3B-Thinking-2507/HuggingFaceH4_aime_2024/Qwen_Qwen3-30B-A3B-Thinking-2507_HuggingFaceH4_aime_2024_snake_horizontal_decode_recovery_s42_20260902_133450.json
Qwen_Qwen3-30B-A3B-Thinking-2507,HuggingFaceH4_aime_2024,snake_vertical,480,0.0,0.0,0.0,0.6020833333333333,0.99375,0.0,2.128726649259048,0.773378908894003,0.8439933800623053,0.9068041237113402,0.394357331148175,0.13672619301894384,0.17815443141834666,0.15627117476953162,0.059301697566301256,0.07452544084225882,0.06445505288354027,0.024083313099556487,0.02951398916907346,0.0,0.0,0.8284794944793206,3,3,30,0.02,,428,3,49,,,,Qwen_Qwen3-30B-A3B-Thinking-2507_HuggingFaceH4_aime_2024_snake_vertical_decode_recovery_s42_20260902_133450.json,/home/golikovp/Robust-Reasoning-Benchmark/experiments/decode_recovery/results/Qwen_Qwen3-30B-A3B-Thinking-2507/HuggingFaceH4_aime_2024/Qwen_Qwen3-30B-A3B-Thinking-2507_HuggingFaceH4_aime_2024_snake_vertical_decode_recovery_s42_20260902_133450.json
Qwen_Qwen3-30B-A3B-Thinking-2507,HuggingFaceH4_aime_2024,split_reversal,480,0.15208333333333332,0.15208333333333332,0.15,0.004166666666666667,1.0,0.01875,0.19087426202866706,0.030110607102932327,0.06506024096385542,0.17117117117117117,0.8348155235817032,0.824722754251169,0.8240504094979495,0.7314458385279506,0.7269354999001365,0.7254843658872456,0.5920025949531387,0.5899826374288005,0.5881896413120865,0.14375,0.01875,0.1938867145569084,0,1,30,0.02,69,409,,2,,,,Qwen_Qwen3-30B-A3B-Thinking-2507_HuggingFaceH4_aime_2024_split_reversal_decode_recovery_s42_20260902_133450.json,/home/golikovp/Robust-Reasoning-Benchmark/experiments/decode_recovery/results/Qwen_Qwen3-30B-A3B-Thinking-2507/HuggingFaceH4_aime_2024/Qwen_Qwen3-30B-A3B-Thinking-2507_HuggingFaceH4_aime_2024_split_reversal_decode_recovery_s42_20260902_133450.json
Qwen_Qwen3-30B-A3B-Thinking-2507,HuggingFaceH4_aime_2024,word_reversal,480,0.2875,0.2881002087682672,0.2833333333333333,0.0020833333333333333,0.9979166666666667,0.17291666666666666,0.5284910876503095,0.014315595716198126,0.1111111111111111,0.33283132530120485,0.9097106573721664,0.8939854313199436,0.8919750488578712,0.7944374413124623,0.7801875124433405,0.7804212734203723,0.6815060793319284,0.6696184895913784,0.6699902308037131,0.22708333333333333,0.1125,0.2290111135615372,1,1,30,0.02,109,355,1,15,,,,Qwen_Qwen3-30B-A3B-Thinking-2507_HuggingFaceH4_aime_2024_word_reversal_decode_recovery_s42_20260902_133450.json,/home/golikovp/Robust-Reasoning-Benchmark/experiments/decode_recovery/results/Qwen_Qwen3-30B-A3B-Thinking-2507/HuggingFaceH4_aime_2024/Qwen_Qwen3-30B-A3B-Thinking-2507_HuggingFaceH4_aime_2024_word_reversal_decode_recovery_s42_20260902_133450.json
Qwen_Qwen3-30B-A3B-Thinking-2507,HuggingFaceH4_aime_2024,wrappers,480,0.7270833333333333,0.7270833333333333,0.5770833333333333,0.0,1.0,0.23333333333333334,0.09697860039720198,0.004310344827586207,0.010416666666666666,0.05405405405405406,0.8887256009926917,0.9276798423344634,0.9034711735182117,0.8496794880317239,0.8864782075075364,0.8634202751340667,0.7942303371608086,0.8279772343411315,0.8064870052103997,0.50625,0.19583333333333333,0.11596606893961078,0,0,30,0.02,243,233,,4,,,,Qwen_Qwen3-30B-A3B-Thinking-2507_HuggingFaceH4_aime_2024_wrappers_decode_recovery_s42_20260902_133450.json,/home/golikovp/Robust-Reasoning-Benchmark/experiments/decode_recovery/results/Qwen_Qwen3-30B-A3B-Thinking-2507/HuggingFaceH4_aime_2024/Qwen_Qwen3-30B-A3B-Thinking-2507_HuggingFaceH4_aime_2024_wrappers_decode_recovery_s42_20260902_133450.json
Qwen_Qwen3-30B-A3B-Thinking-2507,MathArena_aime_2025,interleaved_context_line,480,0.9583333333333334,0.9583333333333334,0.95625,0.0,1.0,0.7708333333333334,0.018711750435108355,0.0,0.0,0.0,0.9908031770896388,0.9928885844764177,0.9909590212260478,0.987169468186022,0.9892409088638145,0.9873036840833997,0.9798641802047336,0.9818946244206709,0.9799453381766351,0.94375,0.6979166666666666,0.01880825837942072,0,0,30,0.02,453,26,,1,,,,Qwen_Qwen3-30B-A3B-Thinking-2507_MathArena_aime_2025_interleaved_context_line_decode_recovery_s42_20260905_042122.json,/home/golikovp/Robust-Reasoning-Benchmark/experiments/decode_recovery/results/Qwen_Qwen3-30B-A3B-Thinking-2507/MathArena_aime_2025/Qwen_Qwen3-30B-A3B-Thinking-2507_MathArena_aime_2025_interleaved_context_line_decode_recovery_s42_20260905_042122.json
Qwen_Qwen3-30B-A3B-Thinking-2507,MathArena_aime_2025,interleaved_context_symbol,480,0.0,0.0,0.0,0.15416666666666667,0.9625,0.0,5.948799757775443,0.7617773807021232,0.9268029980039092,1.196678014644295,0.23384958372505915,0.19778591758013161,0.1558623697330736,0.08129003891570598,0.06781749662631197,0.06124512171527342,0.03276429544973859,0.028029933982622206,0.026674494797396146,0.0,0.0,1.6091226791508098,18,4,30,0.02,,229,18,159,74,,,Qwen_Qwen3-30B-A3B-Thinking-2507_MathArena_aime_2025_interleaved_context_symbol_decode_recovery_s42_20260905_042122.json,/home/golikovp/Robust-Reasoning-Benchmark/experiments/decode_recovery/results/Qwen_Qwen3-30B-A3B-Thinking-2507/MathArena_aime_2025/Qwen_Qwen3-30B-A3B-Thinking-2507_MathArena_aime_2025_interleaved_context_symbol_decode_recovery_s42_20260905_042122.json
Qwen_Qwen3-30B-A3B-Thinking-2507,MathArena_aime_2025,interleaved_context_word,480,0.06875,0.06889352818371608,0.06666666666666667,0.014583333333333334,0.9979166666666667,0.041666666666666664,1.74157899957799,0.18680334394904458,0.53437522377372,0.8527775094802661,0.6279818726712704,0.8352517505468129,0.6706656828105584,0.4682992387244592,0.5898556802164037,0.49102626979830166,0.3885479644658299,0.4794244775530257,0.4047610087400265,0.0625,0.035416666666666666,1.2486421215981933,1,1,30,0.02,30,217,1,218,14,,,Qwen_Qwen3-30B-A3B-Thinking-2507_MathArena_aime_2025_interleaved_context_word_decode_recovery_s42_20260905_042122.json,/home/golikovp/Robust-Reasoning-Benchmark/experiments/decode_recovery/results/Qwen_Qwen3-30B-A3B-Thinking-2507/MathArena_aime_2025/Qwen_Qwen3-30B-A3B-Thinking-2507_MathArena_aime_2025_interleaved_context_word_decode_recovery_s42_20260905_042122.json
Qwen_Qwen3-30B-A3B-Thinking-2507,MathArena_aime_2025,opposites,480,0.8291666666666667,0.8291666666666667,0.8,0.0,1.0,0.6479166666666667,0.11212805036939887,0.0,0.0,0.00631578947368421,0.9774932505716245,0.92925156232254,0.937888950401131,0.9723119332909053,0.9237390601214791,0.9324724657257752,0.9639111143544067,0.9149572693933472,0.9236607829318207,0.7645833333333333,0.5791666666666667,0.11872459982569752,0,0,30,0.02,367,100,,13,,,,Qwen_Qwen3-30B-A3B-Thinking-2507_MathArena_aime_2025_opposites_decode_recovery_s42_20260905_042122.json,/home/golikovp/Robust-Reasoning-Benchmark/experiments/decode_recovery/results/Qwen_Qwen3-30B-A3B-Thinking-2507/MathArena_aime_2025/Qwen_Qwen3-30B-A3B-Thinking-2507_MathArena_aime_2025_opposites_decode_recovery_s42_20260905_042122.json
Qwen_Qwen3-30B-A3B-Thinking-2507,MathArena_aime_2025,rail_fence,480,0.0,0.0,0.0,0.7395833333333334,0.9833333333333333,0.0,4.643128445488466,0.8438461371809871,0.9028033987366538,0.9445239799570508,0.31829698010051893,0.08324611568057697,0.10773762459289472,0.0537337184135226,0.017122243863911934,0.02182092393320128,0.012080801144725605,0.003846686760560106,0.0051423159743057,0.0,0.0,0.9443628850748215,8,3,30,0.02,,453,8,18,1,,,Qwen_Qwen3-30B-A3B-Thinking-2507_MathArena_aime_2025_rail_fence_decode_recovery_s42_20260905_042122.json,/home/golikovp/Robust-Reasoning-Benchmark/experiments/decode_recovery/results/Qwen_Qwen3-30B-A3B-Thinking-2507/MathArena_aime_2025/Qwen_Qwen3-30B-A3B-Thinking-2507_MathArena_aime_2025_rail_fence_decode_recovery_s42_20260905_042122.json
Qwen_Qwen3-30B-A3B-Thinking-2507,MathArena_aime_2025,rectangle_perimeter,480,0.004166666666666667,0.0042643923240938165,0.0020833333333333333,0.022916666666666665,0.9770833333333333,0.0020833333333333333,4.373115819332203,0.27318958010835914,0.39325252493095736,0.5019573542385115,0.7751403405555289,0.613732980136205,0.6453382441453731,0.6428303526494765,0.5051716800658818,0.5384796685182066,0.5582725193866973,0.42544597222720887,0.4575798923671199,0.0020833333333333333,0.0020833333333333333,0.46051050298378143,11,5,30,0.02,1,462,11,6,,,,Qwen_Qwen3-30B-A3B-Thinking-2507_MathArena_aime_2025_rectangle_perimeter_decode_recovery_s42_20260905_042122.json,/home/golikovp/Robust-Reasoning-Benchmark/experiments/decode_recovery/results/Qwen_Qwen3-30B-A3B-Thinking-2507/MathArena_aime_2025/Qwen_Qwen3-30B-A3B-Thinking-2507_MathArena_aime_2025_rectangle_perimeter_decode_recovery_s42_20260905_042122.json
Qwen_Qwen3-30B-A3B-Thinking-2507,MathArena_aime_2025,sentence_reversal,480,0.8,0.8,0.8,0.0,1.0,0.6229166666666667,0.17348200456716464,0.0,0.0,0.00823045267489712,0.9865084985536028,0.9171730166287433,0.9341254156636343,0.9819430701054475,0.9129100590931326,0.9297197401698648,0.9738590566286108,0.9054429951818219,0.9219839121625473,0.775,0.5229166666666667,0.1673174519783669,0,0,30,0.02,372,89,,16,3,,,Qwen_Qwen3-30B-A3B-Thinking-2507_MathArena_aime_2025_sentence_reversal_decode_recovery_s42_20260905_042122.json,/home/golikovp/Robust-Reasoning-Benchmark/experiments/decode_recovery/results/Qwen_Qwen3-30B-A3B-Thinking-2507/MathArena_aime_2025/Qwen_Qwen3-30B-A3B-Thinking-2507_MathArena_aime_2025_sentence_reversal_decode_recovery_s42_20260905_042122.json
Qwen_Qwen3-30B-A3B-Thinking-2507,MathArena_aime_2025,snake_horizontal,480,0.07916666666666666,0.08050847457627118,0.04583333333333333,0.020833333333333332,0.9833333333333333,0.016666666666666666,1.5189186217598558,0.1571316267328048,0.236328125,0.37942537006578947,0.8598606310759006,0.7259208464759636,0.7632413907913076,0.7532918529217774,0.6336814146966614,0.6683065774799167,0.637659224722261,0.5286450684256074,0.5602706358862203,0.04375,0.016666666666666666,0.3029038121993156,8,4,30,0.02,21,421,8,30,,,,Qwen_Qwen3-30B-A3B-Thinking-2507_MathArena_aime_2025_snake_horizontal_decode_recovery_s42_20260905_042122.json,/home/golikovp/Robust-Reasoning-Benchmark/experiments/decode_recovery/results/Qwen_Qwen3-30B-A3B-Thinking-2507/MathArena_aime_2025/Qwen_Qwen3-30B-A3B-Thinking-2507_MathArena_aime_2025_snake_horizontal_decode_recovery_s42_20260905_042122.json
Qwen_Qwen3-30B-A3B-Thinking-2507,MathArena_aime_2025,snake_vertical,480,0.014583333333333334,0.014705882352941176,0.00625,0.675,0.9916666666666667,0.0020833333333333333,3.415680948743036,0.7871142881100117,0.8786428236764017,0.9384603308542161,0.4181663523549396,0.13786787170699455,0.17155803493130894,0.1533374113700339,0.06677076924278598,0.07894286028577652,0.07413163462580159,0.03737463164463503,0.041906520800869346,0.0020833333333333333,0.0020833333333333333,0.8361736981589437,4,6,30,0.02,1,397,4,71,7,,,Qwen_Qwen3-30B-A3B-Thinking-2507_MathArena_aime_2025_snake_vertical_decode_recovery_s42_20260905_042122.json,/home/golikovp/Robust-Reasoning-Benchmark/experiments/decode_recovery/results/Qwen_Qwen3-30B-A3B-Thinking-2507/MathArena_aime_2025/Qwen_Qwen3-30B-A3B-Thinking-2507_MathArena_aime_2025_snake_vertical_decode_recovery_s42_20260905_042122.json
Qwen_Qwen3-30B-A3B-Thinking-2507,MathArena_aime_2025,split_reversal,480,0.20208333333333334,0.20208333333333334,0.18125,0.0020833333333333333,1.0,0.05625,0.21451887318332155,0.029850746268656716,0.08175724431278722,0.20213992935943836,0.8119883987860967,0.7802283503370581,0.7904610440321427,0.7034217004729749,0.6809314994030089,0.6879269824738162,0.5852358730676683,0.569725947571181,0.5742931248350707,0.15625,0.052083333333333336,0.16895107186314426,0,0,30,0.02,75,383,,22,,,,Qwen_Qwen3-30B-A3B-Thinking-2507_MathArena_aime_2025_split_reversal_decode_recovery_s42_20260905_042122.json,/home/golikovp/Robust-Reasoning-Benchmark/experiments/decode_recovery/results/Qwen_Qwen3-30B-A3B-Thinking-2507/MathArena_aime_2025/Qwen_Qwen3-30B-A3B-Thinking-2507_MathArena_aime_2025_split_reversal_decode_recovery_s42_20260905_042122.json
Qwen_Qwen3-30B-A3B-Thinking-2507,MathArena_aime_2025,word_reversal,480,0.17708333333333334,0.17782426778242677,0.14791666666666667,0.014583333333333334,0.9958333333333333,0.10416666666666667,0.6893991688368935,0.06717687074829932,0.25152497472899016,0.6409937482132211,0.8391586975209171,0.8083183147645568,0.7982721003522186,0.6555996068185412,0.6319790975545139,0.6291367992638822,0.5194591448576636,0.504301133999775,0.503057543470018,0.10833333333333334,0.06666666666666667,0.39406267657499056,2,0,30,0.02,52,367,2,59,,,,Qwen_Qwen3-30B-A3B-Thinking-2507_MathArena_aime_2025_word_reversal_decode_recovery_s42_20260905_042122.json,/home/golikovp/Robust-Reasoning-Benchmark/experiments/decode_recovery/results/Qwen_Qwen3-30B-A3B-Thinking-2507/MathArena_aime_2025/Qwen_Qwen3-30B-A3B-Thinking-2507_MathArena_aime_2025_word_reversal_decode_recovery_s42_20260905_042122.json
Qwen_Qwen3-30B-A3B-Thinking-2507,MathArena_aime_2025,wrappers,480,0.7291666666666666,0.7291666666666666,0.5125,0.0,1.0,0.22708333333333333,0.12713321417316226,0.0031847133757961785,0.01837576136186163,0.06296524985135225,0.9017721424618768,0.8691195872934111,0.8678312024261067,0.8668540762057606,0.8331349332580966,0.8327159334400174,0.8132205684895984,0.777758690880211,0.7785297325524867,0.4041666666666667,0.15625,0.14379213819658124,0,0,30,0.02,194,283,,3,,,,Qwen_Qwen3-30B-A3B-Thinking-2507_MathArena_aime_2025_wrappers_decode_recovery_s42_20260905_042122.json,/home/golikovp/Robust-Reasoning-Benchmark/experiments/decode_recovery/results/Qwen_Qwen3-30B-A3B-Thinking-2507/MathArena_aime_2025/Qwen_Qwen3-30B-A3B-Thinking-2507_MathArena_aime_2025_wrappers_decode_recovery_s42_20260905_042122.json
nvidia_OpenReasoning-Nemotron-32B,HuggingFaceH4_aime_2024,interleaved_context_line,480,0.5291666666666667,0.5369978858350951,0.44166666666666665,0.25,0.9854166666666667,0.22083333333333333,2.1608291746119592,0.004142961030072293,0.028967873411651884,0.9738703547297298,0.8589580884842121,0.6992824228528064,0.6830887999501198,0.6442482977933743,0.6659874703115978,0.6465849308016128,0.6010347756937656,0.6218436479574571,0.603282860743858,0.35208333333333336,0.17916666666666667,0.3370118623640339,7,0,30,0.02,169,303,7,1,,,,nvidia_OpenReasoning-Nemotron-32B_HuggingFaceH4_aime_2024_interleaved_context_line_decode_recovery_s42_20260902_184337.json,/home/golikovp/Robust-Reasoning-Benchmark/experiments/decode_recovery/results/nvidia_OpenReasoning-Nemotron-32B/HuggingFaceH4_aime_2024/nvidia_OpenReasoning-Nemotron-32B_HuggingFaceH4_aime_2024_interleaved_context_line_decode_recovery_s42_20260902_184337.json
nvidia_OpenReasoning-Nemotron-32B,HuggingFaceH4_aime_2024,interleaved_context_symbol,480,0.0,0.0,0.0,0.21041666666666667,0.5020833333333333,0.0,111.19605445846771,0.9881889763779528,27.02189771323031,175.16404382086023,0.17182662279374142,0.29652666121827026,0.035865710845243294,0.010358018576747114,0.05714582093449556,0.008451375503517385,0.0036327599006705995,0.006029458414766307,0.00267447774950294,0.0,0.0,1.2177596803813757,239,75,30,0.02,,121,239,120,,,,nvidia_OpenReasoning-Nemotron-32B_HuggingFaceH4_aime_2024_interleaved_context_symbol_decode_recovery_s42_20260902_184337.json,/home/golikovp/Robust-Reasoning-Benchmark/experiments/decode_recovery/results/nvidia_OpenReasoning-Nemotron-32B/HuggingFaceH4_aime_2024/nvidia_OpenReasoning-Nemotron-32B_HuggingFaceH4_aime_2024_interleaved_context_symbol_decode_recovery_s42_20260902_184337.json
nvidia_OpenReasoning-Nemotron-32B,HuggingFaceH4_aime_2024,interleaved_context_word,480,0.004166666666666667,0.007751937984496124,0.0020833333333333333,0.31666666666666665,0.5375,0.0,116.89309100389964,0.9869565217391304,1.2066359723751376,193.63438834894384,0.36737741482506325,0.6304484663732991,0.15023699281534286,0.07976661093640629,0.4437974547707249,0.08592468322229804,0.05245858629625289,0.28470247053747944,0.05580294861729835,0.0,0.0,1.0648794282031928,222,17,30,0.02,,197,222,61,,,,nvidia_OpenReasoning-Nemotron-32B_HuggingFaceH4_aime_2024_interleaved_context_word_decode_recovery_s42_20260902_184337.json,/home/golikovp/Robust-Reasoning-Benchmark/experiments/decode_recovery/results/nvidia_OpenReasoning-Nemotron-32B/HuggingFaceH4_aime_2024/nvidia_OpenReasoning-Nemotron-32B_HuggingFaceH4_aime_2024_interleaved_context_word_decode_recovery_s42_20260902_184337.json
nvidia_OpenReasoning-Nemotron-32B,HuggingFaceH4_aime_2024,opposites,480,0.44583333333333336,0.4652173913043478,0.28125,0.25416666666666665,0.9583333333333334,0.16666666666666666,4.295667981759219,0.01556281304995262,0.08187414500683995,0.9844559585492227,0.814838334481031,0.66875746978328,0.6267545538624208,0.5826414118208187,0.6266182394812191,0.5832558525297856,0.5284549187832667,0.5693875159911321,0.5284764350380026,0.14166666666666666,0.11458333333333333,0.4392969997632838,20,1,30,0.02,68,392,20,,,,,nvidia_OpenReasoning-Nemotron-32B_HuggingFaceH4_aime_2024_opposites_decode_recovery_s42_20260902_184337.json,/home/golikovp/Robust-Reasoning-Benchmark/experiments/decode_recovery/results/nvidia_OpenReasoning-Nemotron-32B/HuggingFaceH4_aime_2024/nvidia_OpenReasoning-Nemotron-32B_HuggingFaceH4_aime_2024_opposites_decode_recovery_s42_20260902_184337.json
nvidia_OpenReasoning-Nemotron-32B,HuggingFaceH4_aime_2024,rail_fence,480,0.0,0.0,0.0,0.46041666666666664,0.5979166666666667,0.0,92.24677543429961,0.8918104851839792,0.9680918750397658,163.9547048955315,0.17473712989438187,0.22385725589141395,0.04595065261984045,0.010520146433513494,0.038583506850860344,0.0035585231379359275,2.3531938179302274e-06,0.0005009833916083916,4.681446075287589e-06,0.0,0.0,0.9736619899020894,193,6,30,0.02,,281,193,6,,,,nvidia_OpenReasoning-Nemotron-32B_HuggingFaceH4_aime_2024_rail_fence_decode_recovery_s42_20260902_184337.json,/home/golikovp/Robust-Reasoning-Benchmark/experiments/decode_recovery/results/nvidia_OpenReasoning-Nemotron-32B/HuggingFaceH4_aime_2024/nvidia_OpenReasoning-Nemotron-32B_HuggingFaceH4_aime_2024_rail_fence_decode_recovery_s42_20260902_184337.json
nvidia_OpenReasoning-Nemotron-32B,HuggingFaceH4_aime_2024,rectangle_perimeter,480,0.0020833333333333333,0.009174311926605505,0.0,0.05,0.22708333333333333,0.0,248.34996491466674,103.57508342602891,241.9811095505618,360.3985245644326,0.15460997995960069,0.7395093018263009,0.10507420259954808,0.09727949492387082,0.5439766770489496,0.085268169447955,0.08473548823012486,0.4127381828645375,0.07222489973558094,0.0,0.0,0.8896301255051013,371,51,30,0.02,,109,371,,,,,nvidia_OpenReasoning-Nemotron-32B_HuggingFaceH4_aime_2024_rectangle_perimeter_decode_recovery_s42_20260903_120848.json,/home/golikovp/Robust-Reasoning-Benchmark/experiments/decode_recovery/results/nvidia_OpenReasoning-Nemotron-32B/HuggingFaceH4_aime_2024/nvidia_OpenReasoning-Nemotron-32B_HuggingFaceH4_aime_2024_rectangle_perimeter_decode_recovery_s42_20260903_120848.json
nvidia_OpenReasoning-Nemotron-32B,HuggingFaceH4_aime_2024,sentence_reversal,480,0.6208333333333333,0.6464208242950108,0.5520833333333334,0.23541666666666666,0.9604166666666667,0.3854166666666667,5.961243613187423,0.0,0.0078125,0.9824042407660738,0.8641589410265074,0.7330849158252786,0.6932310688266696,0.6675787784591223,0.7117277381111041,0.6697316661730888,0.6440782377569563,0.6869367790592753,0.6459255227692678,0.375,0.29791666666666666,0.35186792041610065,19,0,30,0.02,180,215,19,65,1,,,nvidia_OpenReasoning-Nemotron-32B_HuggingFaceH4_aime_2024_sentence_reversal_decode_recovery_s42_20260902_184337.json,/home/golikovp/Robust-Reasoning-Benchmark/experiments/decode_recovery/results/nvidia_OpenReasoning-Nemotron-32B/HuggingFaceH4_aime_2024/nvidia_OpenReasoning-Nemotron-32B_HuggingFaceH4_aime_2024_sentence_reversal_decode_recovery_s42_20260902_184337.json
nvidia_OpenReasoning-Nemotron-32B,HuggingFaceH4_aime_2024,snake_horizontal,480,0.014583333333333334,0.045454545454545456,0.0020833333333333333,0.1,0.32083333333333336,0.0,163.39991836738497,0.9844559585492227,157.9162848198893,245.41280531609195,0.2203665796517594,0.7893082951668813,0.15842127546248913,0.12880464308325548,0.6569204054547338,0.12861696117951013,0.09799319578514458,0.5075686104008291,0.09768770687127205,0.0,0.0,0.8533486731968419,326,87,30,0.02,,151,326,3,,,,nvidia_OpenReasoning-Nemotron-32B_HuggingFaceH4_aime_2024_snake_horizontal_decode_recovery_s42_20260903_120848.json,/home/golikovp/Robust-Reasoning-Benchmark/experiments/decode_recovery/results/nvidia_OpenReasoning-Nemotron-32B/HuggingFaceH4_aime_2024/nvidia_OpenReasoning-Nemotron-32B_HuggingFaceH4_aime_2024_snake_horizontal_decode_recovery_s42_20260903_120848.json
nvidia_OpenReasoning-Nemotron-32B,HuggingFaceH4_aime_2024,snake_vertical,480,0.0,0.0,0.0,0.33958333333333335,0.6229166666666667,0.0,85.33737442171778,0.8146067415730337,0.9824555403556772,156.5071555292726,0.2008762689554712,0.27754422735146134,0.0694765543812361,0.04002031594569278,0.0775904513909593,0.02068454878273833,0.01122941391485715,0.017479342667485746,0.005983379279196692,0.0,0.0,1.047737260887348,181,24,30,0.02,,252,181,45,,,2,nvidia_OpenReasoning-Nemotron-32B_HuggingFaceH4_aime_2024_snake_vertical_decode_recovery_s42_20260903_120848.json,/home/golikovp/Robust-Reasoning-Benchmark/experiments/decode_recovery/results/nvidia_OpenReasoning-Nemotron-32B/HuggingFaceH4_aime_2024/nvidia_OpenReasoning-Nemotron-32B_HuggingFaceH4_aime_2024_snake_vertical_decode_recovery_s42_20260903_120848.json
nvidia_OpenReasoning-Nemotron-32B,HuggingFaceH4_aime_2024,split_reversal,480,0.03125,0.04792332268370607,0.029166666666666667,0.37083333333333335,0.6520833333333333,0.004166666666666667,57.756815812854875,0.5009122392578237,0.9895833333333334,111.64769968205029,0.46091478510015155,0.5131710476397536,0.21267544557274606,0.1634595105489988,0.4060533390383538,0.1647092574380175,0.12077522008556792,0.3005228505043959,0.12201359250693415,0.01875,0.004166666666666667,0.7924234299562526,167,7,30,0.02,9,125,167,179,,,,nvidia_OpenReasoning-Nemotron-32B_HuggingFaceH4_aime_2024_split_reversal_decode_recovery_s42_20260902_184337.json,/home/golikovp/Robust-Reasoning-Benchmark/experiments/decode_recovery/results/nvidia_OpenReasoning-Nemotron-32B/HuggingFaceH4_aime_2024/nvidia_OpenReasoning-Nemotron-32B_HuggingFaceH4_aime_2024_split_reversal_decode_recovery_s42_20260902_184337.json
nvidia_OpenReasoning-Nemotron-32B,HuggingFaceH4_aime_2024,word_reversal,480,0.11041666666666666,0.14285714285714285,0.08541666666666667,0.32708333333333334,0.7729166666666667,0.04375,32.69601856414515,0.1548689138576779,0.9827563424947146,0.9938144329896907,0.6172608670286558,0.6095053742360521,0.3913888983156405,0.3247492432629514,0.5073212389041811,0.321264669368588,0.27093197373231565,0.4118255388528926,0.2676301681190242,0.041666666666666664,0.020833333333333332,0.6781016975627718,109,1,30,0.02,20,335,109,16,,,,nvidia_OpenReasoning-Nemotron-32B_HuggingFaceH4_aime_2024_word_reversal_decode_recovery_s42_20260902_184337.json,/home/golikovp/Robust-Reasoning-Benchmark/experiments/decode_recovery/results/nvidia_OpenReasoning-Nemotron-32B/HuggingFaceH4_aime_2024/nvidia_OpenReasoning-Nemotron-32B_HuggingFaceH4_aime_2024_word_reversal_decode_recovery_s42_20260902_184337.json
nvidia_OpenReasoning-Nemotron-32B,HuggingFaceH4_aime_2024,wrappers,480,0.41875,0.4486607142857143,0.20625,0.24375,0.9333333333333333,0.06458333333333334,13.314464631276003,0.02108433734939759,0.10676489742754804,0.9869846326836581,0.7557004814033635,0.6630531960632761,0.587458972354558,0.5185819736584266,0.6003560263010002,0.5318250206849257,0.45576440965834186,0.5242292565676295,0.4669347762919635,0.1125,0.04791666666666667,0.4158834234909502,32,5,30,0.02,54,394,32,,,,,nvidia_OpenReasoning-Nemotron-32B_HuggingFaceH4_aime_2024_wrappers_decode_recovery_s42_20260902_184337.json,/home/golikovp/Robust-Reasoning-Benchmark/experiments/decode_recovery/results/nvidia_OpenReasoning-Nemotron-32B/HuggingFaceH4_aime_2024/nvidia_OpenReasoning-Nemotron-32B_HuggingFaceH4_aime_2024_wrappers_decode_recovery_s42_20260902_184337.json
nvidia_OpenReasoning-Nemotron-32B,MathArena_aime_2025,interleaved_context_line,480,0.575,0.5884861407249466,0.5166666666666667,0.23125,0.9770833333333333,0.21875,2.366668028956631,0.0026862702520961314,0.01627670396744659,0.9611676283024597,0.8928240158327614,0.7220122632105116,0.7025259750128224,0.6875264839611639,0.7006783754691875,0.6796748221200224,0.6593302700366512,0.6725848408423957,0.6520294444489151,0.24791666666666667,0.09791666666666667,0.32994111300439405,11,0,30,0.02,119,350,11,,,,,nvidia_OpenReasoning-Nemotron-32B_MathArena_aime_2025_interleaved_context_line_decode_recovery_s42_20260905_102843.json,/home/golikovp/Robust-Reasoning-Benchmark/experiments/decode_recovery/results/nvidia_OpenReasoning-Nemotron-32B/MathArena_aime_2025/nvidia_OpenReasoning-Nemotron-32B_MathArena_aime_2025_interleaved_context_line_decode_recovery_s42_20260905_102843.json
nvidia_OpenReasoning-Nemotron-32B,MathArena_aime_2025,interleaved_context_symbol,480,0.0,0.0,0.0,0.19166666666666668,0.4083333333333333,0.0,110.07487114185925,0.9907120743034056,45.32891748675246,178.19026063618665,0.16850059972294132,0.3483684928870341,0.04022016418706664,0.012633204278860803,0.07122947240379002,0.011320278475357303,0.006453375562142567,0.017672114650293058,0.005402427358156308,0.0,0.0,1.0882282262857672,284,56,30,0.02,,106,284,88,1,,1,nvidia_OpenReasoning-Nemotron-32B_MathArena_aime_2025_interleaved_context_symbol_decode_recovery_s42_20260905_102843.json,/home/golikovp/Robust-Reasoning-Benchmark/experiments/decode_recovery/results/nvidia_OpenReasoning-Nemotron-32B/MathArena_aime_2025/nvidia_OpenReasoning-Nemotron-32B_MathArena_aime_2025_interleaved_context_symbol_decode_recovery_s42_20260905_102843.json
nvidia_OpenReasoning-Nemotron-32B,MathArena_aime_2025,interleaved_context_word,480,0.008333333333333333,0.017699115044247787,0.0020833333333333333,0.26458333333333334,0.4708333333333333,0.0020833333333333333,110.70905167112134,0.984375,43.611815658477276,184.1442601398844,0.31510446906489287,0.6863842134722232,0.13713671224565324,0.0650890826465506,0.425684258364756,0.06750468688413694,0.04127550188799148,0.24799081989146304,0.04121523428946757,0.0,0.0,1.09357332051522,254,2,30,0.02,,160,254,64,2,,,nvidia_OpenReasoning-Nemotron-32B_MathArena_aime_2025_interleaved_context_word_decode_recovery_s42_20260905_102843.json,/home/golikovp/Robust-Reasoning-Benchmark/experiments/decode_recovery/results/nvidia_OpenReasoning-Nemotron-32B/MathArena_aime_2025/nvidia_OpenReasoning-Nemotron-32B_MathArena_aime_2025_interleaved_context_word_decode_recovery_s42_20260905_102843.json
nvidia_OpenReasoning-Nemotron-32B,MathArena_aime_2025,opposites,480,0.4979166666666667,0.5128755364806867,0.36666666666666664,0.20208333333333334,0.9708333333333333,0.13333333333333333,1.9834647617559151,0.0041532660530109785,0.05263157894736842,0.7214231642694928,0.8745495555615272,0.6958865235193524,0.6764723822597974,0.6729617252419021,0.665340298135616,0.645007582371811,0.6288461369281714,0.6198200104755496,0.6011181005075262,0.0875,0.020833333333333332,0.37994170846969677,14,2,30,0.02,42,424,14,,,,,nvidia_OpenReasoning-Nemotron-32B_MathArena_aime_2025_opposites_decode_recovery_s42_20260905_102843.json,/home/golikovp/Robust-Reasoning-Benchmark/experiments/decode_recovery/results/nvidia_OpenReasoning-Nemotron-32B/MathArena_aime_2025/nvidia_OpenReasoning-Nemotron-32B_MathArena_aime_2025_opposites_decode_recovery_s42_20260905_102843.json
nvidia_OpenReasoning-Nemotron-32B,MathArena_aime_2025,rail_fence,480,0.0,0.0,0.0,0.44375,0.5479166666666667,0.0,90.77297855785747,0.9093593414459556,0.989830391616106,142.86839954108706,0.17274485428070904,0.22590439126627848,0.04143039120358008,0.009607038863662301,0.03795174201173383,0.004364843473498078,0.001586892602183626,0.0011455825281434919,0.0008003746261308995,0.0,0.0,0.9624641403330634,217,9,30,0.02,,260,217,2,,,1,nvidia_OpenReasoning-Nemotron-32B_MathArena_aime_2025_rail_fence_decode_recovery_s42_20260905_102843.json,/home/golikovp/Robust-Reasoning-Benchmark/experiments/decode_recovery/results/nvidia_OpenReasoning-Nemotron-32B/MathArena_aime_2025/nvidia_OpenReasoning-Nemotron-32B_MathArena_aime_2025_rail_fence_decode_recovery_s42_20260905_102843.json
nvidia_OpenReasoning-Nemotron-32B,MathArena_aime_2025,rectangle_perimeter,480,0.0020833333333333333,0.012195121951219513,0.0,0.03333333333333333,0.17083333333333334,0.0,229.49673943383522,59.120329521584594,229.20542787697093,341.77487231325813,0.11513014551169996,0.7404436571613097,0.08993664654173546,0.08158569159466701,0.5334371497976254,0.07297594070507718,0.07163582401059967,0.4170680517996505,0.06197917601405185,0.0,0.0,0.9277445031531055,398,92,30,0.02,,79,398,2,,,1,nvidia_OpenReasoning-Nemotron-32B_MathArena_aime_2025_rectangle_perimeter_decode_recovery_s42_20260905_235633.json,/home/golikovp/Robust-Reasoning-Benchmark/experiments/decode_recovery/results/nvidia_OpenReasoning-Nemotron-32B/MathArena_aime_2025/nvidia_OpenReasoning-Nemotron-32B_MathArena_aime_2025_rectangle_perimeter_decode_recovery_s42_20260905_235633.json
nvidia_OpenReasoning-Nemotron-32B,MathArena_aime_2025,sentence_reversal,480,0.6020833333333333,0.6241900647948164,0.5291666666666667,0.2520833333333333,0.9645833333333333,0.33541666666666664,3.3776704572284775,0.0,0.013513513513513514,0.9849626659292036,0.8948482040096439,0.7055975326042887,0.6768606546040185,0.670907216138163,0.6901837160147234,0.6593307129191907,0.6522271346970353,0.6713576711567353,0.6414433810643518,0.23958333333333334,0.10416666666666667,0.3842935743579811,17,1,30,0.02,115,284,17,64,,,,nvidia_OpenReasoning-Nemotron-32B_MathArena_aime_2025_sentence_reversal_decode_recovery_s42_20260905_102843.json,/home/golikovp/Robust-Reasoning-Benchmark/experiments/decode_recovery/results/nvidia_OpenReasoning-Nemotron-32B/MathArena_aime_2025/nvidia_OpenReasoning-Nemotron-32B_MathArena_aime_2025_sentence_reversal_decode_recovery_s42_20260905_102843.json
nvidia_OpenReasoning-Nemotron-32B,MathArena_aime_2025,snake_horizontal,480,0.016666666666666666,0.061068702290076333,0.00625,0.09583333333333334,0.27291666666666664,0.0020833333333333333,151.8900151152215,0.9950413223140496,132.18264462809918,251.22336102582625,0.20213014399436377,0.7928016301852535,0.13368827438036907,0.11046344940296499,0.6591979100436849,0.108933853110399,0.08627900478795651,0.5265010342931371,0.0845591464048256,0.004166666666666667,0.0,0.8778604806663233,349,87,30,0.02,2,119,349,9,,,1,nvidia_OpenReasoning-Nemotron-32B_MathArena_aime_2025_snake_horizontal_decode_recovery_s42_20260906_104154.json,/home/golikovp/Robust-Reasoning-Benchmark/experiments/decode_recovery/results/nvidia_OpenReasoning-Nemotron-32B/MathArena_aime_2025/nvidia_OpenReasoning-Nemotron-32B_MathArena_aime_2025_snake_horizontal_decode_recovery_s42_20260906_104154.json
nvidia_OpenReasoning-Nemotron-32B,MathArena_aime_2025,snake_vertical,480,0.0020833333333333333,0.003816793893129771,0.0020833333333333333,0.32916666666666666,0.5458333333333333,0.0,81.5550971614096,0.8629682385743727,0.9977289931869796,153.88235294117646,0.2127957824813861,0.3240169244823454,0.07016428283685959,0.04503558096225637,0.08657714206105076,0.023565902312836267,0.014509304460257479,0.01823048554702518,0.00828268114809601,0.0,0.0,1.0706482280649974,218,18,30,0.02,,217,218,43,,1,1,nvidia_OpenReasoning-Nemotron-32B_MathArena_aime_2025_snake_vertical_decode_recovery_s42_20260905_235633.json,/home/golikovp/Robust-Reasoning-Benchmark/experiments/decode_recovery/results/nvidia_OpenReasoning-Nemotron-32B/MathArena_aime_2025/nvidia_OpenReasoning-Nemotron-32B_MathArena_aime_2025_snake_vertical_decode_recovery_s42_20260905_235633.json
nvidia_OpenReasoning-Nemotron-32B,MathArena_aime_2025,split_reversal,480,0.035416666666666666,0.057432432432432436,0.027083333333333334,0.3416666666666667,0.6166666666666667,0.00625,44.3732275256884,0.7609778246036524,0.9904458598726115,75.91401168761308,0.46067408594208376,0.5171658253687447,0.2140337609992143,0.1702444425606558,0.40248288545316596,0.1678273096133675,0.12714462061286863,0.30293323070915296,0.12696487145608767,0.008333333333333333,0.0020833333333333333,0.8179543120219596,184,3,30,0.02,4,141,184,151,,,,nvidia_OpenReasoning-Nemotron-32B_MathArena_aime_2025_split_reversal_decode_recovery_s42_20260905_102843.json,/home/golikovp/Robust-Reasoning-Benchmark/experiments/decode_recovery/results/nvidia_OpenReasoning-Nemotron-32B/MathArena_aime_2025/nvidia_OpenReasoning-Nemotron-32B_MathArena_aime_2025_split_reversal_decode_recovery_s42_20260905_102843.json
nvidia_OpenReasoning-Nemotron-32B,MathArena_aime_2025,word_reversal,480,0.10208333333333333,0.13920454545454544,0.07708333333333334,0.28541666666666665,0.7333333333333333,0.03333333333333333,29.358554013075054,0.18256982069143446,0.9863013698630136,31.650075126740532,0.6271651358080077,0.6325882071635749,0.380452136842905,0.31977176718335776,0.5003073078825531,0.31179997651756597,0.2586611694252991,0.39049720691954487,0.25384899950689876,0.03333333333333333,0.0125,0.6674600602275823,128,1,30,0.02,16,318,128,18,,,,nvidia_OpenReasoning-Nemotron-32B_MathArena_aime_2025_word_reversal_decode_recovery_s42_20260905_102843.json,/home/golikovp/Robust-Reasoning-Benchmark/experiments/decode_recovery/results/nvidia_OpenReasoning-Nemotron-32B/MathArena_aime_2025/nvidia_OpenReasoning-Nemotron-32B_MathArena_aime_2025_word_reversal_decode_recovery_s42_20260905_102843.json
nvidia_OpenReasoning-Nemotron-32B,MathArena_aime_2025,wrappers,480,0.35208333333333336,0.37555555555555553,0.24166666666666667,0.22916666666666666,0.9375,0.05,7.158863154426691,0.024049491969845953,0.11982248520710059,0.9845622417355372,0.8033497732231114,0.635800519118341,0.5937004934669942,0.578539122698664,0.5831972931083159,0.548464450162418,0.5146464206915476,0.5135888342346767,0.48820429412598576,0.05625,0.0,0.44316263773612025,30,5,30,0.02,27,423,30,,,,,nvidia_OpenReasoning-Nemotron-32B_MathArena_aime_2025_wrappers_decode_recovery_s42_20260905_102843.json,/home/golikovp/Robust-Reasoning-Benchmark/experiments/decode_recovery/results/nvidia_OpenReasoning-Nemotron-32B/MathArena_aime_2025/nvidia_OpenReasoning-Nemotron-32B_MathArena_aime_2025_wrappers_decode_recovery_s42_20260905_102843.json
nvidia_OpenReasoning-Nemotron-7B,HuggingFaceH4_aime_2024,interleaved_context_line,480,0.052083333333333336,0.05952380952380952,0.0375,0.5291666666666667,0.875,0.00625,29.348419723082586,0.40392632781267845,0.9870127436281859,0.9932584269662922,0.6429782359794682,0.4093076488615987,0.2650472030012108,0.22232131931237284,0.36758084430743687,0.2232381820908987,0.1859805458537876,0.3152374283595017,0.18694781316771986,0.025,0.0020833333333333333,0.9275806423894647,60,17,30,0.02,12,377,60,29,,2,,nvidia_OpenReasoning-Nemotron-7B_HuggingFaceH4_aime_2024_interleaved_context_line_decode_recovery_s42_20260904_121002.json,/home/golikovp/Robust-Reasoning-Benchmark/experiments/decode_recovery/results/nvidia_OpenReasoning-Nemotron-7B/HuggingFaceH4_aime_2024/nvidia_OpenReasoning-Nemotron-7B_HuggingFaceH4_aime_2024_interleaved_context_line_decode_recovery_s42_20260904_121002.json
nvidia_OpenReasoning-Nemotron-7B,HuggingFaceH4_aime_2024,interleaved_context_symbol,480,0.0,0.0,0.0,0.46875,0.6125,0.0,82.09773031605025,0.9871244635193133,0.994895497371562,142.9496887966805,0.3406472046401712,0.22358910222093814,0.022189287325005334,0.0003788538452945616,0.036541068199361794,0.0006708299591172433,1.7227852402469555e-06,0.0003254881146679489,3.4244608359983697e-06,0.0,0.0,1.3916560631965853,186,70,30,0.02,,236,186,55,2,,1,nvidia_OpenReasoning-Nemotron-7B_HuggingFaceH4_aime_2024_interleaved_context_symbol_decode_recovery_s42_20260904_121002.json,/home/golikovp/Robust-Reasoning-Benchmark/experiments/decode_recovery/results/nvidia_OpenReasoning-Nemotron-7B/HuggingFaceH4_aime_2024/nvidia_OpenReasoning-Nemotron-7B_HuggingFaceH4_aime_2024_interleaved_context_symbol_decode_recovery_s42_20260904_121002.json
nvidia_OpenReasoning-Nemotron-7B,HuggingFaceH4_aime_2024,interleaved_context_word,480,0.0,0.0,0.0,0.61875,0.85625,0.0,42.48248478768824,0.9829545454545454,0.9909638554216867,1.363235294117647,0.5548827117977996,0.34283514029978107,0.12118121009141405,0.018357129070025832,0.09746588123746296,0.0234055444047105,0.004884278673627846,0.021242840708584183,0.0064065820880619745,0.0,0.0,1.2886060038621727,69,28,30,0.02,,304,69,106,1,,,nvidia_OpenReasoning-Nemotron-7B_HuggingFaceH4_aime_2024_interleaved_context_word_decode_recovery_s42_20260904_121002.json,/home/golikovp/Robust-Reasoning-Benchmark/experiments/decode_recovery/results/nvidia_OpenReasoning-Nemotron-7B/HuggingFaceH4_aime_2024/nvidia_OpenReasoning-Nemotron-7B_HuggingFaceH4_aime_2024_interleaved_context_word_decode_recovery_s42_20260904_121002.json
nvidia_OpenReasoning-Nemotron-7B,HuggingFaceH4_aime_2024,opposites,480,0.10833333333333334,0.11403508771929824,0.0625,0.4625,0.95,0.016666666666666666,7.929762310953929,0.1551472732575095,0.9814814814814815,0.9925187032418953,0.756891993760392,0.4335876198773233,0.3816243295455751,0.3415991583659004,0.38165540152719063,0.3301316341054601,0.29032562891924757,0.3215460458787166,0.2792661483354119,0.029166666666666667,0.008333333333333333,0.8249751928368149,24,19,30,0.02,14,430,24,12,,,,nvidia_OpenReasoning-Nemotron-7B_HuggingFaceH4_aime_2024_opposites_decode_recovery_s42_20260904_121002.json,/home/golikovp/Robust-Reasoning-Benchmark/experiments/decode_recovery/results/nvidia_OpenReasoning-Nemotron-7B/HuggingFaceH4_aime_2024/nvidia_OpenReasoning-Nemotron-7B_HuggingFaceH4_aime_2024_opposites_decode_recovery_s42_20260904_121002.json
nvidia_OpenReasoning-Nemotron-7B,HuggingFaceH4_aime_2024,rail_fence,480,0.0,0.0,0.0,0.41875,0.5333333333333333,0.0,113.91428841595297,0.9866666666666667,8.586322081575247,191.655912322787,0.27405956508992735,0.24642414776798766,0.027863112213675833,0.0028603658923669,0.04178514590463646,0.0022405016789278404,3.032268889797733e-06,0.0006172643383519367,6.027422328616502e-06,0.0,0.0,1.273744866689386,224,44,30,0.02,,228,224,23,,5,,nvidia_OpenReasoning-Nemotron-7B_HuggingFaceH4_aime_2024_rail_fence_decode_recovery_s42_20260904_121002.json,/home/golikovp/Robust-Reasoning-Benchmark/experiments/decode_recovery/results/nvidia_OpenReasoning-Nemotron-7B/HuggingFaceH4_aime_2024/nvidia_OpenReasoning-Nemotron-7B_HuggingFaceH4_aime_2024_rail_fence_decode_recovery_s42_20260904_121002.json
nvidia_OpenReasoning-Nemotron-7B,HuggingFaceH4_aime_2024,rectangle_perimeter,480,0.0,0.0,0.0,0.45208333333333334,0.55625,0.0,125.32925611894866,0.9870689655172413,0.9938144329896907,217.05846225387896,0.36401609347729935,0.3806524217364021,0.05038103964003751,0.04177730618741671,0.2544692953154557,0.03233635869130172,0.03827494671430744,0.19930953607535856,0.02858135641405922,0.0,0.0,1.0195364241660072,213,113,30,0.02,,252,213,13,,2,,nvidia_OpenReasoning-Nemotron-7B_HuggingFaceH4_aime_2024_rectangle_perimeter_decode_recovery_s42_20260904_121002.json,/home/golikovp/Robust-Reasoning-Benchmark/experiments/decode_recovery/results/nvidia_OpenReasoning-Nemotron-7B/HuggingFaceH4_aime_2024/nvidia_OpenReasoning-Nemotron-7B_HuggingFaceH4_aime_2024_rectangle_perimeter_decode_recovery_s42_20260904_121002.json
nvidia_OpenReasoning-Nemotron-7B,HuggingFaceH4_aime_2024,sentence_reversal,480,0.3229166666666667,0.3283898305084746,0.22916666666666666,0.44166666666666665,0.9833333333333333,0.1125,3.4609445149591447,0.02074688796680498,0.8125,0.9906686727814589,0.7632192944892592,0.5108861272842248,0.4767117200379761,0.44181807265490247,0.4812663710948323,0.4435405506516633,0.4111040280796517,0.4469750515661322,0.4118336914144286,0.10833333333333334,0.07916666666666666,0.7800901813712392,8,5,30,0.02,52,272,8,148,,,,nvidia_OpenReasoning-Nemotron-7B_HuggingFaceH4_aime_2024_sentence_reversal_decode_recovery_s42_20260904_121002.json,/home/golikovp/Robust-Reasoning-Benchmark/experiments/decode_recovery/results/nvidia_OpenReasoning-Nemotron-7B/HuggingFaceH4_aime_2024/nvidia_OpenReasoning-Nemotron-7B_HuggingFaceH4_aime_2024_sentence_reversal_decode_recovery_s42_20260904_121002.json
nvidia_OpenReasoning-Nemotron-7B,HuggingFaceH4_aime_2024,snake_horizontal,480,0.0,0.0,0.0,0.47291666666666665,0.6229166666666667,0.0,101.90079895376677,0.9829545454545454,0.9927710843373494,183.99766355140187,0.4098682180219319,0.4110241658635824,0.08488418658982264,0.06125569660734556,0.2903436430925332,0.05298323562560539,0.042495132670954575,0.1968555347473378,0.03505399214582922,0.0,0.0,1.038158070707256,181,151,30,0.02,,276,181,23,,,,nvidia_OpenReasoning-Nemotron-7B_HuggingFaceH4_aime_2024_snake_horizontal_decode_recovery_s42_20260904_121002.json,/home/golikovp/Robust-Reasoning-Benchmark/experiments/decode_recovery/results/nvidia_OpenReasoning-Nemotron-7B/HuggingFaceH4_aime_2024/nvidia_OpenReasoning-Nemotron-7B_HuggingFaceH4_aime_2024_snake_horizontal_decode_recovery_s42_20260904_121002.json
nvidia_OpenReasoning-Nemotron-7B,HuggingFaceH4_aime_2024,snake_vertical,480,0.0,0.0,0.0,0.51875,0.7083333333333334,0.0,72.96508720347681,0.9866666666666667,0.9927710843373494,133.85337078651685,0.39546052280113836,0.1977622391730359,0.028787729947257375,0.0035922283313350443,0.03600590228224989,0.0020383101001241757,0.0005960059922784353,0.0002824173912032997,0.00022674875689369963,0.0,0.0,1.3635729092599858,140,60,30,0.02,,257,140,71,,11,1,nvidia_OpenReasoning-Nemotron-7B_HuggingFaceH4_aime_2024_snake_vertical_decode_recovery_s42_20260904_121002.json,/home/golikovp/Robust-Reasoning-Benchmark/experiments/decode_recovery/results/nvidia_OpenReasoning-Nemotron-7B/HuggingFaceH4_aime_2024/nvidia_OpenReasoning-Nemotron-7B_HuggingFaceH4_aime_2024_snake_vertical_decode_recovery_s42_20260904_121002.json
nvidia_OpenReasoning-Nemotron-7B,HuggingFaceH4_aime_2024,split_reversal,480,0.0,0.0,0.0,0.49583333333333335,0.78125,0.0,50.300708554353086,0.9756651182432432,0.9906542056074766,5.1006367495451785,0.507533106760821,0.2793632897267407,0.13189945157625835,0.06969965970411861,0.13011476375810405,0.06424329497052148,0.022330779098035,0.041025053130884566,0.020781639454276295,0.0,0.0,1.231234520879057,105,33,30,0.02,,130,105,245,,,,nvidia_OpenReasoning-Nemotron-7B_HuggingFaceH4_aime_2024_split_reversal_decode_recovery_s42_20260904_121002.json,/home/golikovp/Robust-Reasoning-Benchmark/experiments/decode_recovery/results/nvidia_OpenReasoning-Nemotron-7B/HuggingFaceH4_aime_2024/nvidia_OpenReasoning-Nemotron-7B_HuggingFaceH4_aime_2024_split_reversal_decode_recovery_s42_20260904_121002.json
nvidia_OpenReasoning-Nemotron-7B,HuggingFaceH4_aime_2024,word_reversal,480,0.0,0.0,0.0,0.5,0.9166666666666666,0.0,22.286761525354446,0.7231958762886598,0.9866666666666667,0.9937759336099585,0.621419272212662,0.3963012319200447,0.2559480829591952,0.10233075813388205,0.1750504427842776,0.10525094730685741,0.05333224120903501,0.08752806733886222,0.05489024297769262,0.0,0.0,1.2223255701063818,40,21,30,0.02,,327,40,113,,,,nvidia_OpenReasoning-Nemotron-7B_HuggingFaceH4_aime_2024_word_reversal_decode_recovery_s42_20260904_121002.json,/home/golikovp/Robust-Reasoning-Benchmark/experiments/decode_recovery/results/nvidia_OpenReasoning-Nemotron-7B/HuggingFaceH4_aime_2024/nvidia_OpenReasoning-Nemotron-7B_HuggingFaceH4_aime_2024_word_reversal_decode_recovery_s42_20260904_121002.json
nvidia_OpenReasoning-Nemotron-7B,HuggingFaceH4_aime_2024,wrappers,480,0.029166666666666667,0.03431372549019608,0.01875,0.53125,0.85,0.008333333333333333,30.85361315802777,0.531139275347813,0.9871244635193133,0.9937759336099585,0.6319638991508306,0.36505310621276377,0.23069325546368893,0.19842207073829637,0.29144377297489676,0.1859227259855964,0.1634973521077299,0.21489397093841608,0.15063452733220664,0.0125,0.008333333333333333,0.9735087974718011,72,17,30,0.02,6,385,72,16,,1,,nvidia_OpenReasoning-Nemotron-7B_HuggingFaceH4_aime_2024_wrappers_decode_recovery_s42_20260904_121002.json,/home/golikovp/Robust-Reasoning-Benchmark/experiments/decode_recovery/results/nvidia_OpenReasoning-Nemotron-7B/HuggingFaceH4_aime_2024/nvidia_OpenReasoning-Nemotron-7B_HuggingFaceH4_aime_2024_wrappers_decode_recovery_s42_20260904_121002.json
nvidia_OpenReasoning-Nemotron-7B,MathArena_aime_2025,interleaved_context_line,480,0.075,0.08695652173913043,0.04791666666666667,0.525,0.8625,0.010416666666666666,30.93421523597772,0.5567065131405468,0.9887640449438202,0.9975165562913907,0.6427952590440942,0.3981618474218868,0.2544935993259479,0.2346796658250227,0.3556485632954919,0.220738028685838,0.199744162851669,0.30449319369566413,0.18825794854640962,0.01875,0.00625,1.0098132681693408,66,13,30,0.02,9,379,66,23,,1,2,nvidia_OpenReasoning-Nemotron-7B_MathArena_aime_2025_interleaved_context_line_decode_recovery_s42_20260912_130626.json,/home/golikovp/Robust-Reasoning-Benchmark/experiments/decode_recovery/results/nvidia_OpenReasoning-Nemotron-7B/MathArena_aime_2025/nvidia_OpenReasoning-Nemotron-7B_MathArena_aime_2025_interleaved_context_line_decode_recovery_s42_20260912_130626.json
nvidia_OpenReasoning-Nemotron-7B,MathArena_aime_2025,interleaved_context_symbol,480,0.0,0.0,0.0,0.5104166666666666,0.6416666666666667,0.0,80.64607935396984,0.9897959183673469,0.9978525411596277,124.72145254027748,0.3771436553412332,0.2259688248759998,0.021253492784893035,0.0010868780382869247,0.03368801317107936,0.0009776096463954816,1.333693310549003e-05,0.0005506662908464459,2.0818067419115917e-05,0.0,0.0,1.6224813786274719,172,76,30,0.02,,248,172,60,,,,nvidia_OpenReasoning-Nemotron-7B_MathArena_aime_2025_interleaved_context_symbol_decode_recovery_s42_20260912_130626.json,/home/golikovp/Robust-Reasoning-Benchmark/experiments/decode_recovery/results/nvidia_OpenReasoning-Nemotron-7B/MathArena_aime_2025/nvidia_OpenReasoning-Nemotron-7B_MathArena_aime_2025_interleaved_context_symbol_decode_recovery_s42_20260912_130626.json
nvidia_OpenReasoning-Nemotron-7B,MathArena_aime_2025,interleaved_context_word,480,0.0,0.0,0.0,0.6479166666666667,0.8520833333333333,0.0,34.80292648793427,0.9863013698630136,0.9922879177377892,1.0,0.5833106937473642,0.3121006964083921,0.1038894486386446,0.017142550587739204,0.08561196413948641,0.019829174906163077,0.004662634063514566,0.015963051167409214,0.004939195667182014,0.0,0.0,1.3546937898113718,71,12,30,0.02,,324,71,82,1,,2,nvidia_OpenReasoning-Nemotron-7B_MathArena_aime_2025_interleaved_context_word_decode_recovery_s42_20260912_130626.json,/home/golikovp/Robust-Reasoning-Benchmark/experiments/decode_recovery/results/nvidia_OpenReasoning-Nemotron-7B/MathArena_aime_2025/nvidia_OpenReasoning-Nemotron-7B_MathArena_aime_2025_interleaved_context_word_decode_recovery_s42_20260912_130626.json
nvidia_OpenReasoning-Nemotron-7B,MathArena_aime_2025,opposites,480,0.13333333333333333,0.1415929203539823,0.10416666666666667,0.5145833333333333,0.9416666666666667,0.0375,9.972581540844342,0.1462483487951899,0.9867256637168141,0.994140625,0.771880496431436,0.3941592859021143,0.34391751305803714,0.3352505084016736,0.354891456503816,0.3072441817379389,0.29407841005712954,0.3094657192404341,0.26905973670237154,0.03333333333333333,0.008333333333333333,0.8140594309068503,28,14,30,0.02,16,416,28,19,,1,,nvidia_OpenReasoning-Nemotron-7B_MathArena_aime_2025_opposites_decode_recovery_s42_20260906_145902.json,/home/golikovp/Robust-Reasoning-Benchmark/experiments/decode_recovery/results/nvidia_OpenReasoning-Nemotron-7B/MathArena_aime_2025/nvidia_OpenReasoning-Nemotron-7B_MathArena_aime_2025_opposites_decode_recovery_s42_20260906_145902.json
nvidia_OpenReasoning-Nemotron-7B,MathArena_aime_2025,rail_fence,480,0.0,0.0,0.0,0.37916666666666665,0.4979166666666667,0.0,113.89955885865717,0.9887640449438202,37.490005524070625,186.85132514874118,0.24219611515272663,0.2450008239793834,0.0257944378119691,0.002538179173061825,0.037989922901225964,0.0015308601873971072,7.530901582505139e-06,0.0006619752393514593,1.4367472801693568e-05,0.0,0.0,1.4084879801293484,241,37,30,0.02,,209,241,27,1,2,,nvidia_OpenReasoning-Nemotron-7B_MathArena_aime_2025_rail_fence_decode_recovery_s42_20260912_130626.json,/home/golikovp/Robust-Reasoning-Benchmark/experiments/decode_recovery/results/nvidia_OpenReasoning-Nemotron-7B/MathArena_aime_2025/nvidia_OpenReasoning-Nemotron-7B_MathArena_aime_2025_rail_fence_decode_recovery_s42_20260912_130626.json
nvidia_OpenReasoning-Nemotron-7B,MathArena_aime_2025,rectangle_perimeter,480,0.0,0.0,0.0,0.49166666666666664,0.5854166666666667,0.0,96.71157118973058,0.9867256637168141,0.9969481180061037,164.74509723050068,0.413779416636405,0.3357325097407869,0.05167294277385049,0.04726782937980216,0.21118325177788785,0.03302555484628407,0.043721684735843924,0.16968599466656892,0.02873976265598931,0.0,0.0,1.0734823320434967,199,79,30,0.02,,270,199,9,,1,1,nvidia_OpenReasoning-Nemotron-7B_MathArena_aime_2025_rectangle_perimeter_decode_recovery_s42_20260912_130626.json,/home/golikovp/Robust-Reasoning-Benchmark/experiments/decode_recovery/results/nvidia_OpenReasoning-Nemotron-7B/MathArena_aime_2025/nvidia_OpenReasoning-Nemotron-7B_MathArena_aime_2025_rectangle_perimeter_decode_recovery_s42_20260912_130626.json
nvidia_OpenReasoning-Nemotron-7B,MathArena_aime_2025,sentence_reversal,480,0.32708333333333334,0.3333333333333333,0.2791666666666667,0.4708333333333333,0.98125,0.14791666666666667,6.1844046758076,0.008141343443180713,0.9594594594594594,0.9922879177377892,0.803494576175826,0.47008040307999743,0.43812966455713487,0.4304272091594635,0.4493310564350288,0.41372753742177876,0.4096100926378557,0.42833947545723666,0.39381270567905935,0.0875,0.020833333333333332,1.0339240097081597,9,3,30,0.02,42,286,9,142,1,,,nvidia_OpenReasoning-Nemotron-7B_MathArena_aime_2025_sentence_reversal_decode_recovery_s42_20260912_130626.json,/home/golikovp/Robust-Reasoning-Benchmark/experiments/decode_recovery/results/nvidia_OpenReasoning-Nemotron-7B/MathArena_aime_2025/nvidia_OpenReasoning-Nemotron-7B_MathArena_aime_2025_sentence_reversal_decode_recovery_s42_20260912_130626.json
nvidia_OpenReasoning-Nemotron-7B,MathArena_aime_2025,snake_horizontal,480,0.0,0.0,0.0,0.45416666666666666,0.575,0.0,90.68834975503829,0.9867256637168141,0.9969481180061037,171.2017927758488,0.4188287545859717,0.43626534371035347,0.07588404462091278,0.054117501075227975,0.3184257002371199,0.04996854477666573,0.038209058028082214,0.23577640715742904,0.03469765469685961,0.0,0.0,1.139874477672354,204,169,30,0.02,,236,204,40,,,,nvidia_OpenReasoning-Nemotron-7B_MathArena_aime_2025_snake_horizontal_decode_recovery_s42_20260912_130626.json,/home/golikovp/Robust-Reasoning-Benchmark/experiments/decode_recovery/results/nvidia_OpenReasoning-Nemotron-7B/MathArena_aime_2025/nvidia_OpenReasoning-Nemotron-7B_MathArena_aime_2025_snake_horizontal_decode_recovery_s42_20260912_130626.json
nvidia_OpenReasoning-Nemotron-7B,MathArena_aime_2025,snake_vertical,480,0.0,0.0,0.0,0.47291666666666665,0.6791666666666667,0.0,63.11539885619812,0.9858197773972602,0.995774647887324,81.57073818651554,0.3614495194911253,0.21368517052777755,0.028793554970350344,0.0022809084807557814,0.03660340307812119,0.001850068033473837,2.710616570512913e-05,0.00036314627003824053,3.310284872100048e-05,0.0,0.0,1.4763568329146677,154,48,30,0.02,,247,154,74,,5,,nvidia_OpenReasoning-Nemotron-7B_MathArena_aime_2025_snake_vertical_decode_recovery_s42_20260912_130626.json,/home/golikovp/Robust-Reasoning-Benchmark/experiments/decode_recovery/results/nvidia_OpenReasoning-Nemotron-7B/MathArena_aime_2025/nvidia_OpenReasoning-Nemotron-7B_MathArena_aime_2025_snake_vertical_decode_recovery_s42_20260912_130626.json
nvidia_OpenReasoning-Nemotron-7B,MathArena_aime_2025,split_reversal,480,0.0,0.0,0.0,0.525,0.7916666666666666,0.0,38.94855238051702,0.9594594594594594,0.9904458598726115,0.9981818181818182,0.5280258111041476,0.2515170877493504,0.12264888613222726,0.06841428959118159,0.11817549659005923,0.0609382460075669,0.02566192763330487,0.04415030740499397,0.022769544079150286,0.0,0.0,0.9636894557128624,100,31,30,0.02,,123,100,257,,,,nvidia_OpenReasoning-Nemotron-7B_MathArena_aime_2025_split_reversal_decode_recovery_s42_20260912_130626.json,/home/golikovp/Robust-Reasoning-Benchmark/experiments/decode_recovery/results/nvidia_OpenReasoning-Nemotron-7B/MathArena_aime_2025/nvidia_OpenReasoning-Nemotron-7B_MathArena_aime_2025_split_reversal_decode_recovery_s42_20260912_130626.json
nvidia_OpenReasoning-Nemotron-7B,MathArena_aime_2025,word_reversal,480,0.004166666666666667,0.004830917874396135,0.0,0.56875,0.8625,0.0,28.089070620036594,0.9594594594594594,0.9897959183673469,0.9975165562913907,0.6091951399988519,0.3334031408971699,0.1797867710468269,0.0834085372849021,0.14788624558045954,0.07807850128023607,0.04695485111817789,0.06957002989167746,0.04399885573412188,0.0020833333333333333,0.0,1.0706075351718114,66,30,30,0.02,1,328,66,84,1,,,nvidia_OpenReasoning-Nemotron-7B_MathArena_aime_2025_word_reversal_decode_recovery_s42_20260912_130626.json,/home/golikovp/Robust-Reasoning-Benchmark/experiments/decode_recovery/results/nvidia_OpenReasoning-Nemotron-7B/MathArena_aime_2025/nvidia_OpenReasoning-Nemotron-7B_MathArena_aime_2025_word_reversal_decode_recovery_s42_20260912_130626.json
nvidia_OpenReasoning-Nemotron-7B,MathArena_aime_2025,wrappers,480,0.016666666666666666,0.021917808219178082,0.010416666666666666,0.4979166666666667,0.7604166666666666,0.0,40.321305625120964,0.9594594594594594,0.9918256130790191,14.020713362322248,0.5933960101072802,0.38787483675438394,0.18126432113843335,0.1553660957815188,0.2850232969749295,0.14453051932053637,0.1244870484189113,0.18995206814865997,0.11488954725593661,0.0,0.0,0.9486078785455148,115,31,30,0.02,,350,115,15,,,,nvidia_OpenReasoning-Nemotron-7B_MathArena_aime_2025_wrappers_decode_recovery_s42_20260906_145902.json,/home/golikovp/Robust-Reasoning-Benchmark/experiments/decode_recovery/results/nvidia_OpenReasoning-Nemotron-7B/MathArena_aime_2025/nvidia_OpenReasoning-Nemotron-7B_MathArena_aime_2025_wrappers_decode_recovery_s42_20260906_145902.json
